name,oaid,institution,profile_llm,human_input,profile_llm_human,classification,input
Cesar Quilodran Casas,A5075331632,,"Cesar Quilodran Casas is at the forefront of integrating machine learning and data assimilation techniques to tackle pressing environmental issues. His innovative work enhances the accuracy of models predicting indoor air quality and urban air pollution, using advanced neural networks and adversarial training. Cesar also contributes to improving multiphase system simulations and environmental odour forecasting, which are crucial for sustainable urban living. By bridging computational fluid dynamics with real-time data, his research offers powerful tools for better decision-making in environmental management. 

Relevant climate challenges: Urban Air Quality Improvement, Sustainable Urban Planning, Advanced Environmental Monitoring Systems.",,,"[""Urban Air Quality Improvement"", ""Sustainable Urban Planning"", ""Advanced Environmental Monitoring Systems.""]",
Ralf Toumi,https://openalex.org/A5088614401,Imperial College London,"Ralf Toumi is dedicated to understanding the complex interplay between climate change and extreme weather events, particularly tropical cyclones. His research spans the impact of land use changes on microclimates, the intensification and migration of tropical cyclones, and the implications of anomalous temperatures on human health. By employing innovative models like the Imperial College Storm Model, he provides insights into flood risks and cyclone behaviour, aiding in climate adaptation strategies. Relevant climate challenges: Extreme Weather Prediction and Mitigation, Climate Impact on Ecosystems, Human Health and Safety in a Changing Climate.",,,"[""Extreme Weather Prediction and Mitigation"", ""Climate Impact on Ecosystems"", ""Human Health and Safety in a Changing Climate.""]",
Jeeva John,a5086647556,,"Jeeva John is dedicated to understanding the intricacies of maternal and infant health, particularly among ethnic minority communities. Through qualitative studies and large-scale data analysis, Jeeva explores the challenges faced by these groups during pregnancy and childbirth, including the impact of systemic issues like racism and healthcare access disparities. Her work sheds light on the variations in birth outcomes across different racial groups, crucial for improving maternity care practices globally. 

Relevant climate challenges: Health Equity and Access, Data-Driven Healthcare Solutions, Social and Healthcare Systems Resilience.",,,"[""Health Equity and Access"", ""Data-Driven Healthcare Solutions"", ""Social and Healthcare Systems Resilience.""]",
John Doe,,,,,,,
Christopher Waite,https://openalex.org/A5091225601,Imperial College London,"Christopher Waite's research explores the intricate dance between plant pathogens and plant immune systems, seeking to bolster global food security by enhancing crop resilience. His work delves into the molecular mechanisms of bacterial pathogens like Pseudomonas syringae and nitrogen-fixing bacteria such as Klebsiella oxytoca, aiming to reduce agricultural losses and improve sustainable farming practices. Waite’s studies on bacterial gene regulation and nitrogen fixation provide insights into developing innovative bio-fertilisation strategies. Relevant climate challenges: Sustainable Agriculture, Food Security, and Biodiversity Conservation.",Write it in spanish,"El investigador Christopher Waite explora la compleja interacción entre los patógenos de las plantas y sus sistemas inmunológicos, con el objetivo de fortalecer la seguridad alimentaria global mediante la mejora de la resiliencia de los cultivos. Su trabajo se centra en los mecanismos moleculares de patógenos bacterianos como Pseudomonas syringae y bacterias fijadoras de nitrógeno como Klebsiella oxytoca, buscando reducir las pérdidas agrícolas y mejorar las prácticas de cultivo sostenible. Los estudios de Waite sobre la regulación genética bacteriana y la fijación de nitrógeno ofrecen ideas para desarrollar estrategias innovadoras de biofertilización. Retos climáticos relevantes: Agricultura Sostenible, Seguridad Alimentaria, Conservación de la Biodiversidad.","[""Sustainable Agriculture"", ""Food Security"", ""and Biodiversity Conservation.""]",Yes
Reshma Rao,A5027366818,Imperial College London,"Reshma Rao's research delves into the intricate world of catalysis, focusing on enhancing the efficiency of reactions crucial for sustainable energy solutions. Her work includes studying oxygen evolution reactions on metal oxides, exploring carbon dioxide reduction to valuable fuels, and understanding hydrogen evolution reactions. By combining advanced spectroscopy and theoretical calculations, she aims to design better catalysts for cleaner energy production. Relevant climate challenges: Renewable Energy Catalysis, Carbon Capture and Utilisation, Green Hydrogen Production.",,,"[""Renewable Energy Catalysis"", ""Carbon Capture and Utilisation"", ""Green Hydrogen Production.""]",
Joeri Rogelj,https://openalex.org/A5017820045,Imperial College London,"Joeri Rogelj's work is at the forefront of climate science, focusing on pathways to limit global warming, the role of negative emissions technologies, and sustainable development goals. He explores how socio-economic scenarios can shape our climate future and assesses the impacts of temperature targets like 1.5°C and 2°C. His research connects the dots between energy, land use, and emissions, providing insights crucial for policy-making and scientific advancements. Relevant climate challenges: Climate Mitigation Strategies, Socio-economic Pathways, Negative Emissions Technologies.",,,"[""Climate Mitigation Strategies"", ""Socio-economic Pathways"", ""Negative Emissions Technologies.""]",
F.J. Smith,A5113973712,University Belfast,"F.J. Smith's work spans the intriguing realms of genetic research and advanced space communications. On one hand, Smith delves into the genetic intricacies of pachyonychia congenita, aiming to predict disease severity through genetic variants. On the other, Smith pushes the boundaries of space technology by pioneering high-speed data transmission methods, crucial for future space missions. Relevant climate challenges: Health and Genetic Research, Space-Based Environmental Monitoring, Advanced Communication Technologies.",,,"[""Health and Genetic Research"", ""Space-Based Environmental Monitoring"", ""Advanced Communication Technologies.""]",
Mark Crimmin,https://openalex.org/A5034836508,Imperial College London,"Mark Crimmin is at the forefront of organometallic chemistry, exploring innovative uses of metals like aluminium and magnesium to break strong carbon-fluorine bonds, a key step in recycling and reducing harmful fluorinated compounds. His work also delves into hydroamination and hydrodefluorination, processes vital for creating sustainable chemical reactions. By understanding these complex interactions, Mark's research paves the way for greener industrial processes and cleaner chemical manufacturing. Relevant climate challenges: Green Chemistry Innovation, Sustainable Industrial Processes, Pollution Reduction.",The profile misses that I have two patents on fluorine chemistry,"Mark Crimmin is at the forefront of organometallic chemistry, exploring innovative uses of metals like aluminium and magnesium to break strong carbon-fluorine bonds, a key step in recycling and reducing harmful fluorinated compounds. With two patents in fluorine chemistry, his work also delves into hydroamination and hydrodefluorination, processes vital for creating sustainable chemical reactions. By understanding these complex interactions, Mark's research paves the way for greener industrial processes and cleaner chemical manufacturing. Relevant climate challenges: Green Chemistry Innovation, Sustainable Industrial Processes, Pollution Reduction.","[""Green Chemistry Innovation"", ""Sustainable Industrial Processes"", ""Pollution Reduction.""]",Yes
Leila Sheldrik,,Imperial College London,,,,,
Leila Sheldrick,https://openalex.org/A5042366465,Imperial College London,"Leila Sheldrick's work revolves around designing sustainable futures by exploring circular economy principles and innovative material use. She delves into transforming waste, like poultry feathers, into valuable resources for insulation and sound absorption, contributing to eco-friendly manufacturing. Her research also pioneers design methods that foster sustainable lifestyles and product longevity. By engaging communities and future designers, she aims to shape a more sustainable society. Relevant climate challenges: Circular Economy Innovation, Sustainable Material Development, Community-Driven Sustainability Transitions.",,,"[""Circular Economy Innovation"", ""Sustainable Material Development"", ""Community-Driven Sustainability Transitions.""]",
Cesar Quilodran,https://openalex.org/A5066699579,Imperial College London,"Cesar Quilodran is at the forefront of harnessing machine learning to tackle diverse environmental and societal challenges. His pioneering work in wildfire prediction, flood forecasting, and weather nowcasting leverages advanced data-driven techniques to enhance the accuracy and efficiency of climate-related predictions. By integrating real-time data and innovative modelling approaches, his research contributes to disaster preparedness and resilience. Additionally, his exploration into microfluidics and medical data showcases a versatile application of technology across fields. Relevant climate challenges: Disaster Prediction and Prevention, Climate Data Optimisation, Environmental Monitoring and Modelling.","Remove the Climate Data Optimisation from the relevant climate challenges

","Cesar Quilodran is at the forefront of harnessing machine learning to tackle diverse environmental and societal challenges. His pioneering work in wildfire prediction, flood forecasting, and weather nowcasting leverages advanced data-driven techniques to enhance the accuracy and efficiency of climate-related predictions. By integrating real-time data and innovative modelling approaches, his research contributes significantly to disaster preparedness and resilience. Additionally, his exploration into microfluidics and medical data showcases a versatile application of technology across fields. 

Relevant climate challenges: Disaster Prediction and Prevention, Environmental Monitoring and Modelling.","[""Disaster Prediction and Prevention"", ""Climate Data Optimisation"", ""Environmental Monitoring and Modelling.""]",Yes
oliver street,https://openalex.org/A5069519185,Imperial College London,"Oliver Street's research delves into the intricate dynamics of fluid mechanics, focusing on the interaction between waves and ocean currents. By employing advanced mathematical models and stochastic processes, Oliver explores how these interactions impact oceanic and atmospheric systems. His work has significant implications for improving satellite imagery and understanding space weather. Relevant climate challenges: Ocean Dynamics and Modelling, Climate Data and Satellite Technology, Atmospheric and Space Weather Analysis.","Oliver doesn't actually do work on improving satellite imagery directly.
","Oliver Street's research delves into the intricate dynamics of fluid mechanics, focusing on the interaction between waves and ocean currents. By employing advanced mathematical models and stochastic processes, Oliver explores how these interactions impact oceanic and atmospheric systems. His work has significant implications for understanding space weather and enhancing climate data analysis. Relevant climate challenges: Ocean Dynamics and Modelling, Climate Data and Satellite Technology, Atmospheric and Space Weather Analysis.","[""Ocean Dynamics and Modelling"", ""Climate Data and Satellite Technology"", ""Atmospheric and Space Weather Analysis.""]",Yes
